FUZZ,url,redirectlocation,position,status_code,content_length,content_words,content_lines,content_type,duration,resultfile,Ffufhash
0,https://querybuscas.com/api/0,,1,404,1450,18,12,text/html; charset=utf-8,966.299741ms,,ecbfd1
1.0,https://querybuscas.com/api/1.0,,3,404,1452,18,12,text/html; charset=utf-8,952.669813ms,,ecbfd3
2,https://querybuscas.com/api/2,,4,404,1450,18,12,text/html; charset=utf-8,993.849395ms,,ecbfd4
1,https://querybuscas.com/api/1,,2,404,1450,18,12,text/html; charset=utf-8,1.058769125s,,ecbfd2
2.0,https://querybuscas.com/api/2.0,,5,404,1452,18,12,text/html; charset=utf-8,613.561179ms,,ecbfd5
3,https://querybuscas.com/api/3,,6,404,1450,18,12,text/html; charset=utf-8,613.636757ms,,ecbfd6
3.0,https://querybuscas.com/api/3.0,,7,404,1452,18,12,text/html; charset=utf-8,900.2943ms,,ecbfd7
4,https://querybuscas.com/api/4,,8,404,1450,18,12,text/html; charset=utf-8,686.689634ms,,ecbfd8
5,https://querybuscas.com/api/5,,10,404,1450,18,12,text/html; charset=utf-8,785.855528ms,,ecbfda
6,https://querybuscas.com/api/6,,12,404,1450,18,12,text/html; charset=utf-8,780.696043ms,,ecbfdc
5.0,https://querybuscas.com/api/5.0,,11,404,1452,18,12,text/html; charset=utf-8,780.632227ms,,ecbfdb
6.0,https://querybuscas.com/api/6.0,,13,404,1452,18,12,text/html; charset=utf-8,780.357773ms,,ecbfdd
7,https://querybuscas.com/api/7,,14,404,1450,18,12,text/html; charset=utf-8,780.597251ms,,ecbfde
8,https://querybuscas.com/api/8,,16,404,1450,18,12,text/html; charset=utf-8,623.889609ms,,ecbfd10
7.0,https://querybuscas.com/api/7.0,,15,404,1452,18,12,text/html; charset=utf-8,796.028078ms,,ecbfdf
9,https://querybuscas.com/api/9,,18,404,1450,18,12,text/html; charset=utf-8,565.467059ms,,ecbfd12
8.0,https://querybuscas.com/api/8.0,,17,404,1452,18,12,text/html; charset=utf-8,707.981085ms,,ecbfd11
9.0,https://querybuscas.com/api/9.0,,19,404,1452,18,12,text/html; charset=utf-8,749.210066ms,,ecbfd13
SPUser,https://querybuscas.com/api/SPUser,,20,404,1455,18,12,text/html; charset=utf-8,749.250076ms,,ecbfd14
SSoAuthLoginResponse,https://querybuscas.com/api/SSoAuthLoginResponse,,21,404,1469,18,12,text/html; charset=utf-8,712.356856ms,,ecbfd15
Search,https://querybuscas.com/api/Search,,22,404,1455,18,12,text/html; charset=utf-8,713.804694ms,,ecbfd16
Server,https://querybuscas.com/api/Server,,23,404,1455,18,12,text/html; charset=utf-8,705.358847ms,,ecbfd17
SsoFederation,https://querybuscas.com/api/SsoFederation,,24,404,1462,18,12,text/html; charset=utf-8,740.594326ms,,ecbfd18
StorageAuthToken,https://querybuscas.com/api/StorageAuthToken,,26,404,1465,18,12,text/html; charset=utf-8,709.025357ms,,ecbfd1a
SsoIdentityProvider,https://querybuscas.com/api/SsoIdentityProvider,,25,404,1468,18,12,text/html; charset=utf-8,719.857797ms,,ecbfd19
StorePoint,https://querybuscas.com/api/StorePoint,,27,404,1459,18,12,text/html; charset=utf-8,798.676793ms,,ecbfd1b
about,https://querybuscas.com/api/about,,28,404,1454,18,12,text/html; charset=utf-8,1.298646911s,,ecbfd1c
access,https://querybuscas.com/api/access,,29,404,1455,18,12,text/html; charset=utf-8,696.132415ms,,ecbfd1d
accounts,https://querybuscas.com/api/accounts,,31,404,1457,18,12,text/html; charset=utf-8,639.493115ms,,ecbfd1f
account,https://querybuscas.com/api/account,,30,404,1456,18,12,text/html; charset=utf-8,964.596119ms,,ecbfd1e
activate,https://querybuscas.com/api/activate,,32,404,1457,18,12,text/html; charset=utf-8,731.381265ms,,ecbfd20
add,https://querybuscas.com/api/add,,33,404,1452,18,12,text/html; charset=utf-8,721.161036ms,,ecbfd21
admin,https://querybuscas.com/api/admin,,35,401,47,2,1,application/json; charset=utf-8,670.691145ms,,ecbfd23
address,https://querybuscas.com/api/address,,34,404,1456,18,12,text/html; charset=utf-8,868.611487ms,,ecbfd22
administrador,https://querybuscas.com/api/administrador,,36,404,1462,18,12,text/html; charset=utf-8,1.065045262s,,ecbfd24
administrators,https://querybuscas.com/api/administrators,,37,404,1463,18,12,text/html; charset=utf-8,893.762065ms,,ecbfd25
admins,https://querybuscas.com/api/admins,,38,404,1455,18,12,text/html; charset=utf-8,889.39992ms,,ecbfd26
advanced,https://querybuscas.com/api/advanced,,39,404,1457,18,12,text/html; charset=utf-8,755.753442ms,,ecbfd27
advanced_search,https://querybuscas.com/api/advanced_search,,40,404,1464,18,12,text/html; charset=utf-8,551.126588ms,,ecbfd28
alert,https://querybuscas.com/api/alert,,41,404,1454,18,12,text/html; charset=utf-8,691.545848ms,,ecbfd29
all,https://querybuscas.com/api/all,,42,404,1452,18,12,text/html; charset=utf-8,700.474017ms,,ecbfd2a
api-doc,https://querybuscas.com/api/api-doc,,44,404,1456,18,12,text/html; charset=utf-8,711.263487ms,,ecbfd2c
api-docs,https://querybuscas.com/api/api-docs,,45,404,1457,18,12,text/html; charset=utf-8,741.419699ms,,ecbfd2d
api-docs/v1/openapi.json,https://querybuscas.com/api/api-docs/v1/openapi.json,,46,404,1473,18,12,text/html; charset=utf-8,557.345058ms,,ecbfd2e
api/ads,https://querybuscas.com/api/api/ads,,47,404,1456,18,12,text/html; charset=utf-8,557.2515ms,,ecbfd2f
api/announcements,https://querybuscas.com/api/api/announcements,,48,404,1466,18,12,text/html; charset=utf-8,721.972068ms,,ecbfd30
api/api,https://querybuscas.com/api/api/api,,49,404,1456,18,12,text/html; charset=utf-8,721.654362ms,,ecbfd31
api/api-docs,https://querybuscas.com/api/api/api-docs,,50,404,1461,18,12,text/html; charset=utf-8,720.458529ms,,ecbfd32
api/apidocs,https://querybuscas.com/api/api/apidocs,,51,404,1460,18,12,text/html; charset=utf-8,721.447585ms,,ecbfd33
api/apidocs/swagger.json,https://querybuscas.com/api/api/apidocs/swagger.json,,52,404,1473,18,12,text/html; charset=utf-8,676.681441ms,,ecbfd34
api/application.wadl,https://querybuscas.com/api/api/application.wadl,,53,404,1469,18,12,text/html; charset=utf-8,677.429411ms,,ecbfd35
api/auth,https://querybuscas.com/api/api/auth,,54,404,1457,18,12,text/html; charset=utf-8,674.480133ms,,ecbfd36
api/auth/guest,https://querybuscas.com/api/api/auth/guest,,55,404,1463,18,12,text/html; charset=utf-8,574.198009ms,,ecbfd37
api/auth/login,https://querybuscas.com/api/api/auth/login,,56,404,1463,18,12,text/html; charset=utf-8,701.418177ms,,ecbfd38
api/auth/logout,https://querybuscas.com/api/api/auth/logout,,57,404,1464,18,12,text/html; charset=utf-8,700.828047ms,,ecbfd39
api/batch,https://querybuscas.com/api/api/batch,,58,404,1458,18,12,text/html; charset=utf-8,693.559542ms,,ecbfd3a
api/billing,https://querybuscas.com/api/api/billing,,59,404,1460,18,12,text/html; charset=utf-8,709.293431ms,,ecbfd3b
api/branches,https://querybuscas.com/api/api/branches,,60,404,1461,18,12,text/html; charset=utf-8,880.513431ms,,ecbfd3c
api/brands,https://querybuscas.com/api/api/brands,,61,404,1459,18,12,text/html; charset=utf-8,709.387877ms,,ecbfd3d
api/campaign,https://querybuscas.com/api/api/campaign,,63,404,1461,18,12,text/html; charset=utf-8,656.933989ms,,ecbfd3f
api/call,https://querybuscas.com/api/api/call,,62,404,1457,18,12,text/html; charset=utf-8,843.047326ms,,ecbfd3e
api/cart/create,https://querybuscas.com/api/api/cart/create,,65,404,1464,18,12,text/html; charset=utf-8,689.970337ms,,ecbfd41
api/cart,https://querybuscas.com/api/api/cart,,64,404,1457,18,12,text/html; charset=utf-8,690.293982ms,,ecbfd40
api/chat/categories,https://querybuscas.com/api/api/chat/categories,,67,404,1468,18,12,text/html; charset=utf-8,690.832786ms,,ecbfd43
api/chat,https://querybuscas.com/api/api/chat,,66,404,1457,18,12,text/html; charset=utf-8,838.722036ms,,ecbfd42
api/check,https://querybuscas.com/api/api/check,,69,404,1458,18,12,text/html; charset=utf-8,679.24338ms,,ecbfd45
api/chat/completions,https://querybuscas.com/api/api/chat/completions,,68,404,1469,18,12,text/html; charset=utf-8,679.167678ms,,ecbfd44
api/checkin,https://querybuscas.com/api/api/checkin,,70,404,1460,18,12,text/html; charset=utf-8,553.60835ms,,ecbfd46
api/clients,https://querybuscas.com/api/api/clients,,71,404,1460,18,12,text/html; charset=utf-8,692.973619ms,,ecbfd47
api/config,https://querybuscas.com/api/api/config,,72,404,1459,18,12,text/html; charset=utf-8,520.25429ms,,ecbfd48
api/config.json,https://querybuscas.com/api/api/config.json,,73,404,1464,18,12,text/html; charset=utf-8,664.44058ms,,ecbfd49
api/contents,https://querybuscas.com/api/api/contents,,74,404,1461,18,12,text/html; charset=utf-8,716.603157ms,,ecbfd4a
api/csp_report,https://querybuscas.com/api/api/csp_report,,75,404,1463,18,12,text/html; charset=utf-8,650.297102ms,,ecbfd4b
api/custom,https://querybuscas.com/api/api/custom,,76,404,1459,18,12,text/html; charset=utf-8,844.704599ms,,ecbfd4c
api/customer,https://querybuscas.com/api/api/customer,,77,404,1461,18,12,text/html; charset=utf-8,716.318558ms,,ecbfd4d
api/docs,https://querybuscas.com/api/api/docs,,78,404,1457,18,12,text/html; charset=utf-8,631.791344ms,,ecbfd4e
api/docs/,https://querybuscas.com/api/api/docs/,,79,404,1458,18,12,text/html; charset=utf-8,701.039158ms,,ecbfd4f
api/domains,https://querybuscas.com/api/api/domains,,80,404,1460,18,12,text/html; charset=utf-8,657.924185ms,,ecbfd50
api/geo,https://querybuscas.com/api/api/geo,,82,404,1456,18,12,text/html; charset=utf-8,663.65627ms,,ecbfd52
api/events,https://querybuscas.com/api/api/events,,81,404,1459,18,12,text/html; charset=utf-8,694.277641ms,,ecbfd51
api/get,https://querybuscas.com/api/api/get,,83,404,1456,18,12,text/html; charset=utf-8,657.944318ms,,ecbfd53
api/graphql,https://querybuscas.com/api/api/graphql,,84,404,1460,18,12,text/html; charset=utf-8,663.280765ms,,ecbfd54
api/health,https://querybuscas.com/api/api/health,,85,404,1459,18,12,text/html; charset=utf-8,641.393546ms,,ecbfd55
api/identity,https://querybuscas.com/api/api/identity,,86,404,1461,18,12,text/html; charset=utf-8,636.467971ms,,ecbfd56
api/identity/envelope,https://querybuscas.com/api/api/identity/envelope,,87,404,1470,18,12,text/html; charset=utf-8,517.000246ms,,ecbfd57
api/index.html,https://querybuscas.com/api/api/index.html,,88,404,1463,18,12,text/html; charset=utf-8,478.721316ms,,ecbfd58
api/insights,https://querybuscas.com/api/api/insights,,91,404,1461,18,12,text/html; charset=utf-8,682.73372ms,,ecbfd5b
api/info.json,https://querybuscas.com/api/api/info.json,,89,404,1462,18,12,text/html; charset=utf-8,709.092573ms,,ecbfd59
api/init,https://querybuscas.com/api/api/init,,90,404,1457,18,12,text/html; charset=utf-8,853.782452ms,,ecbfd5a
api/jobs,https://querybuscas.com/api/api/jobs,,93,404,1457,18,12,text/html; charset=utf-8,700.72836ms,,ecbfd5d
api/jsonpcallback,https://querybuscas.com/api/api/jsonpcallback,,95,404,1466,18,12,text/html; charset=utf-8,555.921642ms,,ecbfd5f
api/jolokia/read,https://querybuscas.com/api/api/jolokia/read,,94,404,1465,18,12,text/html; charset=utf-8,855.982442ms,,ecbfd5e
api/ip/info,https://querybuscas.com/api/api/ip/info,,92,404,1460,18,12,text/html; charset=utf-8,1.101998444s,,ecbfd5c
api/jsonws/invoke,https://querybuscas.com/api/api/jsonws/invoke,,97,404,1466,18,12,text/html; charset=utf-8,687.69591ms,,ecbfd61
api/jsonws,https://querybuscas.com/api/api/jsonws,,96,404,1459,18,12,text/html; charset=utf-8,723.742229ms,,ecbfd60
api/links,https://querybuscas.com/api/api/links,,98,404,1458,18,12,text/html; charset=utf-8,553.396306ms,,ecbfd62
api/log,https://querybuscas.com/api/api/log,,99,404,1456,18,12,text/html; charset=utf-8,714.141792ms,,ecbfd63
api/menus,https://querybuscas.com/api/api/menus,,102,404,1458,18,12,text/html; charset=utf-8,652.481322ms,,ecbfd66
api/logout,https://querybuscas.com/api/api/logout,,101,404,1459,18,12,text/html; charset=utf-8,678.643675ms,,ecbfd65
api/log/add,https://querybuscas.com/api/api/log/add,,100,404,1460,18,12,text/html; charset=utf-8,833.559048ms,,ecbfd64
api/message,https://querybuscas.com/api/api/message,,103,404,1460,18,12,text/html; charset=utf-8,1.211307823s,,ecbfd67
api/message/admin,https://querybuscas.com/api/api/message/admin,,104,404,1466,18,12,text/html; charset=utf-8,686.324503ms,,ecbfd68
api/message/login,https://querybuscas.com/api/api/message/login,,106,404,1466,18,12,text/html; charset=utf-8,609.730801ms,,ecbfd6a
api/message/current,https://querybuscas.com/api/api/message/current,,105,404,1468,18,12,text/html; charset=utf-8,831.7743ms,,ecbfd69
api/message/me,https://querybuscas.com/api/api/message/me,,107,404,1463,18,12,text/html; charset=utf-8,493.726401ms,,ecbfd6b
api/messages,https://querybuscas.com/api/api/messages,,108,404,1461,18,12,text/html; charset=utf-8,652.150313ms,,ecbfd6c
api/messages/current,https://querybuscas.com/api/api/messages/current,,110,404,1469,18,12,text/html; charset=utf-8,717.324821ms,,ecbfd6e
api/messages/admin,https://querybuscas.com/api/api/messages/admin,,109,404,1467,18,12,text/html; charset=utf-8,810.041653ms,,ecbfd6d
api/messages/login,https://querybuscas.com/api/api/messages/login,,111,404,1467,18,12,text/html; charset=utf-8,1.253142773s,,ecbfd6f
api/messages/me,https://querybuscas.com/api/api/messages/me,,112,404,1464,18,12,text/html; charset=utf-8,720.172765ms,,ecbfd70
api/models,https://querybuscas.com/api/api/models,,113,404,1459,18,12,text/html; charset=utf-8,562.889356ms,,ecbfd71
api/modules,https://querybuscas.com/api/api/modules,,114,404,1460,18,12,text/html; charset=utf-8,914.901811ms,,ecbfd72
api/navigation,https://querybuscas.com/api/api/navigation,,115,404,1463,18,12,text/html; charset=utf-8,692.967413ms,,ecbfd73
api/news.json,https://querybuscas.com/api/api/news.json,,116,404,1462,18,12,text/html; charset=utf-8,667.816878ms,,ecbfd74
api/notifications,https://querybuscas.com/api/api/notifications,,117,404,1466,18,12,text/html; charset=utf-8,694.093413ms,,ecbfd75
api/oembed.json,https://querybuscas.com/api/api/oembed.json,,118,404,1464,18,12,text/html; charset=utf-8,537.914377ms,,ecbfd76
api/pages,https://querybuscas.com/api/api/pages,,119,404,1458,18,12,text/html; charset=utf-8,681.816001ms,,ecbfd77
api/ping,https://querybuscas.com/api/api/ping,,121,404,1457,18,12,text/html; charset=utf-8,759.117215ms,,ecbfd79
api/plugin/details,https://querybuscas.com/api/api/plugin/details,,122,404,1467,18,12,text/html; charset=utf-8,547.694249ms,,ecbfd7a
api/permission,https://querybuscas.com/api/api/permission,,120,404,1463,18,12,text/html; charset=utf-8,863.20487ms,,ecbfd78
api/profile,https://querybuscas.com/api/api/profile,,123,404,1460,18,12,text/html; charset=utf-8,533.232684ms,,ecbfd7b
api/project/info,https://querybuscas.com/api/api/project/info,,124,404,1465,18,12,text/html; charset=utf-8,520.921372ms,,ecbfd7c
api/properties,https://querybuscas.com/api/api/properties,,125,404,1463,18,12,text/html; charset=utf-8,635.238545ms,,ecbfd7d
api/proxy,https://querybuscas.com/api/api/proxy,,126,404,1458,18,12,text/html; charset=utf-8,664.537586ms,,ecbfd7e
api/rest,https://querybuscas.com/api/api/rest,,127,404,1457,18,12,text/html; charset=utf-8,686.724111ms,,ecbfd7f
api/saves,https://querybuscas.com/api/api/saves,,128,404,1458,18,12,text/html; charset=utf-8,620.36146ms,,ecbfd80
api/server_status,https://querybuscas.com/api/api/server_status,,130,404,1466,18,12,text/html; charset=utf-8,733.216186ms,,ecbfd82
api/search/suggestions,https://querybuscas.com/api/api/search/suggestions,,129,404,1471,18,12,text/html; charset=utf-8,763.251137ms,,ecbfd81
api/servers,https://querybuscas.com/api/api/servers,,131,404,1460,18,12,text/html; charset=utf-8,521.311838ms,,ecbfd83
api/sessions,https://querybuscas.com/api/api/sessions,,132,404,1461,18,12,text/html; charset=utf-8,949.721576ms,,ecbfd84
api/snapshots,https://querybuscas.com/api/api/snapshots,,134,404,1462,18,12,text/html; charset=utf-8,705.420465ms,,ecbfd86
api/settings,https://querybuscas.com/api/api/settings,,133,404,1461,18,12,text/html; charset=utf-8,829.418288ms,,ecbfd85
api/spec/swagger.json,https://querybuscas.com/api/api/spec/swagger.json,,135,404,1470,18,12,text/html; charset=utf-8,576.898586ms,,ecbfd87
api/status,https://querybuscas.com/api/api/status,,136,404,1459,18,12,text/html; charset=utf-8,695.548047ms,,ecbfd88
api/status.json,https://querybuscas.com/api/api/status.json,,137,404,1464,18,12,text/html; charset=utf-8,696.96426ms,,ecbfd89
api/stores,https://querybuscas.com/api/api/stores,,138,404,1459,18,12,text/html; charset=utf-8,729.542808ms,,ecbfd8a
api/subscriptions,https://querybuscas.com/api/api/subscriptions,,139,404,1466,18,12,text/html; charset=utf-8,825.2403ms,,ecbfd8b
api/swagger,https://querybuscas.com/api/api/swagger,,140,404,1460,18,12,text/html; charset=utf-8,519.189459ms,,ecbfd8c
api/swagger.yaml,https://querybuscas.com/api/api/swagger.yaml,,142,404,1465,18,12,text/html; charset=utf-8,1.106536042s,,ecbfd8e
api/swagger.json,https://querybuscas.com/api/api/swagger.json,,141,404,1465,18,12,text/html; charset=utf-8,1.298220781s,,ecbfd8d
api/swagger.yml,https://querybuscas.com/api/api/swagger.yml,,143,404,1464,18,12,text/html; charset=utf-8,667.684005ms,,ecbfd8f
api/swagger/index.html,https://querybuscas.com/api/api/swagger/index.html,,144,404,1471,18,12,text/html; charset=utf-8,680.067668ms,,ecbfd90
api/swagger/static/index.html,https://querybuscas.com/api/api/swagger/static/index.html,,145,404,1478,18,12,text/html; charset=utf-8,511.13613ms,,ecbfd91
api/swagger/ui/index,https://querybuscas.com/api/api/swagger/ui/index,,147,404,1469,18,12,text/html; charset=utf-8,742.687354ms,,ecbfd93
api/timelion/run,https://querybuscas.com/api/api/timelion/run,,148,404,1465,18,12,text/html; charset=utf-8,662.205059ms,,ecbfd94
api/token,https://querybuscas.com/api/api/token,,149,404,1458,18,12,text/html; charset=utf-8,1.086104567s,,ecbfd95
api/tracking,https://querybuscas.com/api/api/tracking,,150,404,1461,18,12,text/html; charset=utf-8,684.24784ms,,ecbfd96
api/user/admin,https://querybuscas.com/api/api/user/admin,,152,404,1463,18,12,text/html; charset=utf-8,683.287237ms,,ecbfd98
api/user,https://querybuscas.com/api/api/user,,151,404,1457,18,12,text/html; charset=utf-8,683.310277ms,,ecbfd97
api/user/login,https://querybuscas.com/api/api/user/login,,154,404,1463,18,12,text/html; charset=utf-8,696.086935ms,,ecbfd9a
api/user/current,https://querybuscas.com/api/api/user/current,,153,404,1465,18,12,text/html; charset=utf-8,696.217537ms,,ecbfd99
api/user/me,https://querybuscas.com/api/api/user/me,,155,404,1460,18,12,text/html; charset=utf-8,559.340756ms,,ecbfd9b
api/users,https://querybuscas.com/api/api/users,,156,404,1458,18,12,text/html; charset=utf-8,707.889569ms,,ecbfd9c
api/users/admin,https://querybuscas.com/api/api/users/admin,,157,404,1464,18,12,text/html; charset=utf-8,629.332083ms,,ecbfd9d
api/users/current,https://querybuscas.com/api/api/users/current,,158,404,1466,18,12,text/html; charset=utf-8,665.192579ms,,ecbfd9e
api/users/login,https://querybuscas.com/api/api/users/login,,159,404,1464,18,12,text/html; charset=utf-8,681.194595ms,,ecbfd9f
api/users/me,https://querybuscas.com/api/api/users/me,,160,404,1461,18,12,text/html; charset=utf-8,551.060502ms,,ecbfda0
api/v1/account/accounts,https://querybuscas.com/api/api/v1/account/accounts,,162,404,1472,18,12,text/html; charset=utf-8,728.506723ms,,ecbfda2
api/v1,https://querybuscas.com/api/api/v1,,161,404,1455,18,12,text/html; charset=utf-8,807.80578ms,,ecbfda1
api/v1/account/accounts/summaries,https://querybuscas.com/api/api/v1/account/accounts/summaries,,163,404,1482,18,12,text/html; charset=utf-8,744.40097ms,,ecbfda3
api/v1/account/oauth/ticket,https://querybuscas.com/api/api/v1/account/oauth/ticket,,164,404,1476,18,12,text/html; charset=utf-8,831.284714ms,,ecbfda4
api/v1/account/permissions,https://querybuscas.com/api/api/v1/account/permissions,,166,404,1475,18,12,text/html; charset=utf-8,545.608428ms,,ecbfda6
api/v1/account/oauth/token,https://querybuscas.com/api/api/v1/account/oauth/token,,165,404,1475,18,12,text/html; charset=utf-8,605.203958ms,,ecbfda5
api/v1/account/user,https://querybuscas.com/api/api/v1/account/user,,167,404,1468,18,12,text/html; charset=utf-8,709.679039ms,,ecbfda7
api/v1/account/user/assets,https://querybuscas.com/api/api/v1/account/user/assets,,168,404,1475,18,12,text/html; charset=utf-8,1.213555768s,,ecbfda8
api/v1/account/user/delete,https://querybuscas.com/api/api/v1/account/user/delete,,169,404,1475,18,12,text/html; charset=utf-8,507.14575ms,,ecbfda9
api/v1/account/user/profile,https://querybuscas.com/api/api/v1/account/user/profile,,170,404,1476,18,12,text/html; charset=utf-8,691.073052ms,,ecbfdaa
api/v1/account/user/register,https://querybuscas.com/api/api/v1/account/user/register,,171,404,1477,18,12,text/html; charset=utf-8,690.448688ms,,ecbfdab
api/v1/account/user/resend-verification,https://querybuscas.com/api/api/v1/account/user/resend-verification,,172,404,1488,18,12,text/html; charset=utf-8,728.770791ms,,ecbfdac
api/v1/account/user/verify,https://querybuscas.com/api/api/v1/account/user/verify,,173,404,1475,18,12,text/html; charset=utf-8,686.987892ms,,ecbfdad
api/v1/account/userAccountAssignments,https://querybuscas.com/api/api/v1/account/userAccountAssignments,,174,404,1486,18,12,text/html; charset=utf-8,722.072372ms,,ecbfdae
api/v1/account/userPreferences,https://querybuscas.com/api/api/v1/account/userPreferences,,175,404,1479,18,12,text/html; charset=utf-8,722.204654ms,,ecbfdaf
api/v1/account/users,https://querybuscas.com/api/api/v1/account/users,,176,404,1469,18,12,text/html; charset=utf-8,701.590909ms,,ecbfdb0
api/v1/account/users/password,https://querybuscas.com/api/api/v1/account/users/password,,177,404,1478,18,12,text/html; charset=utf-8,701.064305ms,,ecbfdb1
api/v1/analytics/events,https://querybuscas.com/api/api/v1/analytics/events,,179,404,1472,18,12,text/html; charset=utf-8,594.529053ms,,ecbfdb3
api/v1/account/users/summaries,https://querybuscas.com/api/api/v1/account/users/summaries,,178,404,1479,18,12,text/html; charset=utf-8,909.624425ms,,ecbfdb2
api/v1/articles.json,https://querybuscas.com/api/api/v1/articles.json,,180,404,1469,18,12,text/html; charset=utf-8,722.521173ms,,ecbfdb4
api/v1/asset/asset,https://querybuscas.com/api/api/v1/asset/asset,,181,404,1467,18,12,text/html; charset=utf-8,722.603004ms,,ecbfdb5
api/v1/asset/assets,https://querybuscas.com/api/api/v1/asset/assets,,182,404,1468,18,12,text/html; charset=utf-8,819.549482ms,,ecbfdb6
api/v1/auth,https://querybuscas.com/api/api/v1/auth,,183,404,1460,18,12,text/html; charset=utf-8,846.824004ms,,ecbfdb7
api/v1/billing,https://querybuscas.com/api/api/v1/billing,,184,404,1463,18,12,text/html; charset=utf-8,513.678569ms,,ecbfdb8
api/v1/branding.json,https://querybuscas.com/api/api/v1/branding.json,,185,404,1469,18,12,text/html; charset=utf-8,922.317078ms,,ecbfdb9
api/v1/catalog/filters,https://querybuscas.com/api/api/v1/catalog/filters,,186,404,1471,18,12,text/html; charset=utf-8,669.896081ms,,ecbfdba
api/v1/catalog/products,https://querybuscas.com/api/api/v1/catalog/products,,187,404,1472,18,12,text/html; charset=utf-8,977.276755ms,,ecbfdbb
api/v1/category,https://querybuscas.com/api/api/v1/category,,188,404,1464,18,12,text/html; charset=utf-8,723.559383ms,,ecbfdbc
api/v1/chat,https://querybuscas.com/api/api/v1/chat,,189,404,1460,18,12,text/html; charset=utf-8,490.274341ms,,ecbfdbd
api/v1/chat/completions,https://querybuscas.com/api/api/v1/chat/completions,,190,404,1472,18,12,text/html; charset=utf-8,984.789553ms,,ecbfdbe
api/v1/common/accounts,https://querybuscas.com/api/api/v1/common/accounts,,191,404,1471,18,12,text/html; charset=utf-8,677.950316ms,,ecbfdbf
api/v1/common/connections,https://querybuscas.com/api/api/v1/common/connections,,192,404,1474,18,12,text/html; charset=utf-8,866.3794ms,,ecbfdc0
api/v1/common/notifications,https://querybuscas.com/api/api/v1/common/notifications,,193,404,1476,18,12,text/html; charset=utf-8,519.859141ms,,ecbfdc1
api/v1/common/preferences,https://querybuscas.com/api/api/v1/common/preferences,,194,404,1474,18,12,text/html; charset=utf-8,886.447668ms,,ecbfdc2
api/v1/common/users/password,https://querybuscas.com/api/api/v1/common/users/password,,195,404,1477,18,12,text/html; charset=utf-8,749.046995ms,,ecbfdc3
api/v1/contents,https://querybuscas.com/api/api/v1/contents,,197,404,1464,18,12,text/html; charset=utf-8,674.56151ms,,ecbfdc5
api/v1/consents,https://querybuscas.com/api/api/v1/consents,,196,404,1464,18,12,text/html; charset=utf-8,1.015883367s,,ecbfdc4
api/v1/countries,https://querybuscas.com/api/api/v1/countries,,198,404,1465,18,12,text/html; charset=utf-8,767.322146ms,,ecbfdc6
api/v1/delta/deviceCatalog/devices,https://querybuscas.com/api/api/v1/delta/deviceCatalog/devices,,200,404,1483,18,12,text/html; charset=utf-8,595.50429ms,,ecbfdc8
api/v1/delta/deviceCatalog/deviceTypes,https://querybuscas.com/api/api/v1/delta/deviceCatalog/deviceTypes,,199,404,1487,18,12,text/html; charset=utf-8,733.880415ms,,ecbfdc7
api/v1/delta/deviceCatalog/manufacturers,https://querybuscas.com/api/api/v1/delta/deviceCatalog/manufacturers,,201,404,1489,18,12,text/html; charset=utf-8,575.236895ms,,ecbfdc9
api/v1/delta/monitoring/accounts/,https://querybuscas.com/api/api/v1/delta/monitoring/accounts/,,202,404,1482,18,12,text/html; charset=utf-8,655.474889ms,,ecbfdca
api/v1/delta/order,https://querybuscas.com/api/api/v1/delta/order,,203,404,1467,18,12,text/html; charset=utf-8,731.588191ms,,ecbfdcb
api/v1/delta/userAssets,https://querybuscas.com/api/api/v1/delta/userAssets,,204,404,1472,18,12,text/html; charset=utf-8,743.392823ms,,ecbfdcc
api/v1/dsync/nexstar,https://querybuscas.com/api/api/v1/dsync/nexstar,,205,404,1469,18,12,text/html; charset=utf-8,1.401888636s,,ecbfdcd
api/v1/event,https://querybuscas.com/api/api/v1/event,,206,404,1461,18,12,text/html; charset=utf-8,677.200279ms,,ecbfdce
api/v1/events,https://querybuscas.com/api/api/v1/events,,207,404,1462,18,12,text/html; charset=utf-8,627.126676ms,,ecbfdcf
api/v1/filters,https://querybuscas.com/api/api/v1/filters,,208,404,1463,18,12,text/html; charset=utf-8,632.458744ms,,ecbfdd0
api/v1/geoip,https://querybuscas.com/api/api/v1/geoip,,209,404,1461,18,12,text/html; charset=utf-8,492.356952ms,,ecbfdd1
api/v1/graphql,https://querybuscas.com/api/api/v1/graphql,,210,404,1463,18,12,text/html; charset=utf-8,564.346721ms,,ecbfdd2
api/v1/guides,https://querybuscas.com/api/api/v1/guides,,211,404,1462,18,12,text/html; charset=utf-8,565.968024ms,,ecbfdd3
api/v1/health,https://querybuscas.com/api/api/v1/health,,212,404,1462,18,12,text/html; charset=utf-8,691.52114ms,,ecbfdd4
api/v1/languages,https://querybuscas.com/api/api/v1/languages,,214,404,1465,18,12,text/html; charset=utf-8,705.301843ms,,ecbfdd6
api/v1/history/history,https://querybuscas.com/api/api/v1/history/history,,213,404,1471,18,12,text/html; charset=utf-8,913.991496ms,,ecbfdd5
api/v1/map,https://querybuscas.com/api/api/v1/map,,216,404,1459,18,12,text/html; charset=utf-8,705.326407ms,,ecbfdd8
api/v1/log,https://querybuscas.com/api/api/v1/log,,215,404,1459,18,12,text/html; charset=utf-8,847.36923ms,,ecbfdd7
api/v1/monitoring/accounts,https://querybuscas.com/api/api/v1/monitoring/accounts,,218,404,1475,18,12,text/html; charset=utf-8,761.922984ms,,ecbfdda
api/v1/news,https://querybuscas.com/api/api/v1/news,,220,404,1460,18,12,text/html; charset=utf-8,629.286145ms,,ecbfddc
api/v1/monitoring/address-check,https://querybuscas.com/api/api/v1/monitoring/address-check,,219,404,1480,18,12,text/html; charset=utf-8,643.542507ms,,ecbfddb
api/v1/me,https://querybuscas.com/api/api/v1/me,,217,404,1458,18,12,text/html; charset=utf-8,959.825634ms,,ecbfdd9
api/v1/posts,https://querybuscas.com/api/api/v1/posts,,222,404,1461,18,12,text/html; charset=utf-8,527.807962ms,,ecbfdde
api/v1/plugin,https://querybuscas.com/api/api/v1/plugin,,221,404,1462,18,12,text/html; charset=utf-8,544.162271ms,,ecbfddd
api/v1/session,https://querybuscas.com/api/api/v1/session,,223,404,1463,18,12,text/html; charset=utf-8,593.372826ms,,ecbfddf
api/v1/sessions/current,https://querybuscas.com/api/api/v1/sessions/current,,224,404,1472,18,12,text/html; charset=utf-8,726.436693ms,,ecbfde0
api/v1/setting,https://querybuscas.com/api/api/v1/setting,,225,404,1463,18,12,text/html; charset=utf-8,550.64075ms,,ecbfde1
api/v1/sites.json,https://querybuscas.com/api/api/v1/sites.json,,226,404,1466,18,12,text/html; charset=utf-8,674.16964ms,,ecbfde2
api/v1/stat,https://querybuscas.com/api/api/v1/stat,,227,404,1460,18,12,text/html; charset=utf-8,641.57279ms,,ecbfde3
api/v1/swagger.json,https://querybuscas.com/api/api/v1/swagger.json,,228,404,1468,18,12,text/html; charset=utf-8,727.838326ms,,ecbfde4
api/v1/swagger.yaml,https://querybuscas.com/api/api/v1/swagger.yaml,,229,404,1468,18,12,text/html; charset=utf-8,702.983058ms,,ecbfde5
api/v1/track,https://querybuscas.com/api/api/v1/track,,230,404,1461,18,12,text/html; charset=utf-8,563.141895ms,,ecbfde6
api/v1/tracking,https://querybuscas.com/api/api/v1/tracking,,231,404,1464,18,12,text/html; charset=utf-8,702.991469ms,,ecbfde7
api/v1/user,https://querybuscas.com/api/api/v1/user,,232,404,1460,18,12,text/html; charset=utf-8,869.451911ms,,ecbfde8
api/v1/visits,https://querybuscas.com/api/api/v1/visits,,234,404,1462,18,12,text/html; charset=utf-8,662.385194ms,,ecbfdea
api/v1/users/current,https://querybuscas.com/api/api/v1/users/current,,233,404,1469,18,12,text/html; charset=utf-8,829.18555ms,,ecbfde9
api/v2,https://querybuscas.com/api/api/v2,,235,404,1455,18,12,text/html; charset=utf-8,1.342309057s,,ecbfdeb
api/v2/accounts,https://querybuscas.com/api/api/v2/accounts,,236,404,1464,18,12,text/html; charset=utf-8,982.372259ms,,ecbfdec
api/v2/bid,https://querybuscas.com/api/api/v2/bid,,238,404,1459,18,12,text/html; charset=utf-8,594.597769ms,,ecbfdee
api/v2/auth,https://querybuscas.com/api/api/v2/auth,,237,404,1460,18,12,text/html; charset=utf-8,875.480319ms,,ecbfded
api/v2/chat,https://querybuscas.com/api/api/v2/chat,,239,404,1460,18,12,text/html; charset=utf-8,696.465494ms,,ecbfdef
api/v2/chat/completions,https://querybuscas.com/api/api/v2/chat/completions,,240,404,1472,18,12,text/html; charset=utf-8,695.73372ms,,ecbfdf0
api/v2/collector,https://querybuscas.com/api/api/v2/collector,,241,404,1465,18,12,text/html; charset=utf-8,672.554816ms,,ecbfdf1
api/v2/displays,https://querybuscas.com/api/api/v2/displays,,242,404,1464,18,12,text/html; charset=utf-8,672.440833ms,,ecbfdf2
api/v2/event,https://querybuscas.com/api/api/v2/event,,243,404,1461,18,12,text/html; charset=utf-8,721.44776ms,,ecbfdf3
api/v2/health,https://querybuscas.com/api/api/v2/health,,244,404,1462,18,12,text/html; charset=utf-8,692.685138ms,,ecbfdf4
api/v2/ip.json,https://querybuscas.com/api/api/v2/ip.json,,245,404,1463,18,12,text/html; charset=utf-8,572.97353ms,,ecbfdf5
api/v2/jobs,https://querybuscas.com/api/api/v2/jobs,,246,404,1460,18,12,text/html; charset=utf-8,716.917328ms,,ecbfdf6
api/v2/link,https://querybuscas.com/api/api/v2/link,,247,404,1460,18,12,text/html; charset=utf-8,673.954198ms,,ecbfdf7
api/v2/page,https://querybuscas.com/api/api/v2/page,,248,404,1460,18,12,text/html; charset=utf-8,703.716759ms,,ecbfdf8
api/v2/pub,https://querybuscas.com/api/api/v2/pub,,250,404,1459,18,12,text/html; charset=utf-8,577.690638ms,,ecbfdfa
api/v2/pages,https://querybuscas.com/api/api/v2/pages,,249,404,1461,18,12,text/html; charset=utf-8,871.099108ms,,ecbfdf9
api/v2/public/feeds.json,https://querybuscas.com/api/api/v2/public/feeds.json,,251,404,1473,18,12,text/html; charset=utf-8,741.640495ms,,ecbfdfb
api/v2/spans,https://querybuscas.com/api/api/v2/spans,,252,404,1461,18,12,text/html; charset=utf-8,685.037007ms,,ecbfdfc
api/v2/swagger.yaml,https://querybuscas.com/api/api/v2/swagger.yaml,,254,404,1468,18,12,text/html; charset=utf-8,712.529181ms,,ecbfdfe
api/v2/swagger.json,https://querybuscas.com/api/api/v2/swagger.json,,253,404,1468,18,12,text/html; charset=utf-8,1.033913308s,,ecbfdfd
api/v2/track,https://querybuscas.com/api/api/v2/track,,256,404,1461,18,12,text/html; charset=utf-8,788.910284ms,,ecbfd100
api/v2/tickets,https://querybuscas.com/api/api/v2/tickets,,255,404,1463,18,12,text/html; charset=utf-8,903.753381ms,,ecbfdff
api/v2/users,https://querybuscas.com/api/api/v2/users,,257,404,1461,18,12,text/html; charset=utf-8,720.08255ms,,ecbfd101
api/v4/groups,https://querybuscas.com/api/api/v4/groups,,258,404,1462,18,12,text/html; charset=utf-8,719.890325ms,,ecbfd102
api/v4/projects,https://querybuscas.com/api/api/v4/projects,,259,404,1464,18,12,text/html; charset=utf-8,586.101219ms,,ecbfd103
api/v4/users,https://querybuscas.com/api/api/v4/users,,260,404,1461,18,12,text/html; charset=utf-8,733.406499ms,,ecbfd104
api/videos,https://querybuscas.com/api/api/videos,,261,404,1459,18,12,text/html; charset=utf-8,700.35045ms,,ecbfd105
api/view,https://querybuscas.com/api/api/view,,262,404,1457,18,12,text/html; charset=utf-8,554.492462ms,,ecbfd106
api/whoami,https://querybuscas.com/api/api/whoami,,263,404,1459,18,12,text/html; charset=utf-8,685.70892ms,,ecbfd107
api/widget,https://querybuscas.com/api/api/widget,,264,404,1459,18,12,text/html; charset=utf-8,538.667496ms,,ecbfd108
api/widgets/events,https://querybuscas.com/api/api/widgets/events,,265,404,1467,18,12,text/html; charset=utf-8,655.703691ms,,ecbfd109
apikeys,https://querybuscas.com/api/apikeys,,266,404,1456,18,12,text/html; charset=utf-8,765.462902ms,,ecbfd10a
apps,https://querybuscas.com/api/apps,,268,404,1453,18,12,text/html; charset=utf-8,695.642439ms,,ecbfd10c
application.wadl,https://querybuscas.com/api/application.wadl,,267,404,1465,18,12,text/html; charset=utf-8,866.661284ms,,ecbfd10b
audit,https://querybuscas.com/api/audit,,270,404,1454,18,12,text/html; charset=utf-8,591.434274ms,,ecbfd10e
attach,https://querybuscas.com/api/attach,,269,404,1455,18,12,text/html; charset=utf-8,806.45858ms,,ecbfd10d
auditoria,https://querybuscas.com/api/auditoria,,271,404,1458,18,12,text/html; charset=utf-8,742.397628ms,,ecbfd10f
auth,https://querybuscas.com/api/auth,,272,404,1453,18,12,text/html; charset=utf-8,741.572243ms,,ecbfd110
auth/complete-reset,https://querybuscas.com/api/auth/complete-reset,,274,400,66,5,1,application/json; charset=utf-8,900.393958ms,,ecbfd112
auth/change-password,https://querybuscas.com/api/auth/change-password,,273,404,1469,18,12,text/html; charset=utf-8,940.718014ms,,ecbfd111
auth/forgot,https://querybuscas.com/api/auth/forgot,,275,404,1460,18,12,text/html; charset=utf-8,919.923437ms,,ecbfd113
auth/login,https://querybuscas.com/api/auth/login,,276,400,66,5,1,application/json; charset=utf-8,962.003061ms,,ecbfd114
auth/logout,https://querybuscas.com/api/auth/logout,,277,200,16,1,1,application/json; charset=utf-8,650.049857ms,,ecbfd115
auth/pre-register,https://querybuscas.com/api/auth/pre-register,,278,400,66,5,1,application/json; charset=utf-8,757.651522ms,,ecbfd116
auth/register,https://querybuscas.com/api/auth/register,,279,404,1462,18,12,text/html; charset=utf-8,733.133583ms,,ecbfd117
auth/reset,https://querybuscas.com/api/auth/reset,,280,404,1459,18,12,text/html; charset=utf-8,733.877329ms,,ecbfd118
auth/signup,https://querybuscas.com/api/auth/signup,,281,404,1460,18,12,text/html; charset=utf-8,691.417758ms,,ecbfd119
auth/verify,https://querybuscas.com/api/auth/verify,,282,404,1460,18,12,text/html; charset=utf-8,593.946054ms,,ecbfd11a
authentication,https://querybuscas.com/api/authentication,,283,404,1463,18,12,text/html; charset=utf-8,675.449215ms,,ecbfd11b
authtoken,https://querybuscas.com/api/authtoken,,284,404,1458,18,12,text/html; charset=utf-8,675.522035ms,,ecbfd11c
backup,https://querybuscas.com/api/backup,,285,404,1455,18,12,text/html; charset=utf-8,703.082029ms,,ecbfd11d
balance,https://querybuscas.com/api/balance,,286,404,1456,18,12,text/html; charset=utf-8,822.267846ms,,ecbfd11e
balance/check,https://querybuscas.com/api/balance/check,,287,404,1462,18,12,text/html; charset=utf-8,684.978573ms,,ecbfd11f
billing,https://querybuscas.com/api/billing,,288,404,1456,18,12,text/html; charset=utf-8,684.123194ms,,ecbfd120
bot,https://querybuscas.com/api/bot,,289,404,1452,18,12,text/html; charset=utf-8,852.61701ms,,ecbfd121
bots,https://querybuscas.com/api/bots,,290,404,1453,18,12,text/html; charset=utf-8,682.151345ms,,ecbfd122
bugs,https://querybuscas.com/api/bugs,,291,404,1453,18,12,text/html; charset=utf-8,713.590831ms,,ecbfd123
build,https://querybuscas.com/api/build,,292,404,1454,18,12,text/html; charset=utf-8,687.406499ms,,ecbfd124
busca,https://querybuscas.com/api/busca,,293,404,1454,18,12,text/html; charset=utf-8,730.716745ms,,ecbfd125
buy,https://querybuscas.com/api/buy,,294,404,1452,18,12,text/html; charset=utf-8,901.820943ms,,ecbfd126
change,https://querybuscas.com/api/change,,296,404,1455,18,12,text/html; charset=utf-8,755.954905ms,,ecbfd128
cart,https://querybuscas.com/api/cart,,295,404,1453,18,12,text/html; charset=utf-8,1.072181941s,,ecbfd127
check,https://querybuscas.com/api/check,,297,404,1454,18,12,text/html; charset=utf-8,711.128359ms,,ecbfd129
checkout,https://querybuscas.com/api/checkout,,298,404,1457,18,12,text/html; charset=utf-8,712.027981ms,,ecbfd12a
client,https://querybuscas.com/api/client,,299,404,1455,18,12,text/html; charset=utf-8,703.334018ms,,ecbfd12b
clientes,https://querybuscas.com/api/clientes,,300,404,1457,18,12,text/html; charset=utf-8,556.502537ms,,ecbfd12c
clients,https://querybuscas.com/api/clients,,301,404,1456,18,12,text/html; charset=utf-8,691.987047ms,,ecbfd12d
comment,https://querybuscas.com/api/comment,,302,404,1456,18,12,text/html; charset=utf-8,548.298304ms,,ecbfd12e
comments,https://querybuscas.com/api/comments,,303,404,1457,18,12,text/html; charset=utf-8,687.27709ms,,ecbfd12f
config,https://querybuscas.com/api/config,,304,404,1455,18,12,text/html; charset=utf-8,834.22606ms,,ecbfd130
configuracoes,https://querybuscas.com/api/configuracoes,,306,404,1462,18,12,text/html; charset=utf-8,1.342041512s,,ecbfd132
configs,https://querybuscas.com/api/configs,,305,404,1456,18,12,text/html; charset=utf-8,1.411542915s,,ecbfd131
connect,https://querybuscas.com/api/connect,,307,404,1456,18,12,text/html; charset=utf-8,695.405408ms,,ecbfd133
consulta,https://querybuscas.com/api/consulta,,308,404,1457,18,12,text/html; charset=utf-8,788.994579ms,,ecbfd134
consultas,https://querybuscas.com/api/consultas,,309,404,1458,18,12,text/html; charset=utf-8,496.881759ms,,ecbfd135
conta,https://querybuscas.com/api/conta,,310,404,1454,18,12,text/html; charset=utf-8,863.247783ms,,ecbfd136
contact,https://querybuscas.com/api/contact,,311,404,1456,18,12,text/html; charset=utf-8,767.608954ms,,ecbfd137
contas,https://querybuscas.com/api/contas,,312,404,1455,18,12,text/html; charset=utf-8,677.389115ms,,ecbfd138
create,https://querybuscas.com/api/create,,313,404,1455,18,12,text/html; charset=utf-8,1.10667493s,,ecbfd139
dashboard,https://querybuscas.com/api/dashboard,,316,404,1458,18,12,text/html; charset=utf-8,555.683915ms,,ecbfd13c
creditos,https://querybuscas.com/api/creditos,,314,404,1457,18,12,text/html; charset=utf-8,726.490879ms,,ecbfd13a
credits,https://querybuscas.com/api/credits,,315,404,1456,18,12,text/html; charset=utf-8,835.76587ms,,ecbfd13b
data,https://querybuscas.com/api/data,,317,404,1453,18,12,text/html; charset=utf-8,499.644425ms,,ecbfd13d
deactivate,https://querybuscas.com/api/deactivate,,319,404,1459,18,12,text/html; charset=utf-8,772.318762ms,,ecbfd13f
date,https://querybuscas.com/api/date,,318,404,1453,18,12,text/html; charset=utf-8,797.843038ms,,ecbfd13e
debug,https://querybuscas.com/api/debug,,320,404,1454,18,12,text/html; charset=utf-8,801.334277ms,,ecbfd140
delete,https://querybuscas.com/api/delete,,322,404,1455,18,12,text/html; charset=utf-8,504.232354ms,,ecbfd142
details,https://querybuscas.com/api/details,,323,404,1456,18,12,text/html; charset=utf-8,536.223981ms,,ecbfd143
debug/status,https://querybuscas.com/api/debug/status,,321,404,1461,18,12,text/html; charset=utf-8,1.001911492s,,ecbfd141
disable,https://querybuscas.com/api/disable,,325,404,1456,18,12,text/html; charset=utf-8,693.303478ms,,ecbfd145
doc,https://querybuscas.com/api/doc,,326,404,1452,18,12,text/html; charset=utf-8,832.233997ms,,ecbfd146
docs,https://querybuscas.com/api/docs,,327,404,1453,18,12,text/html; charset=utf-8,692.539415ms,,ecbfd147
download,https://querybuscas.com/api/download,,328,404,1457,18,12,text/html; charset=utf-8,521.898194ms,,ecbfd148
dump,https://querybuscas.com/api/dump,,329,404,1453,18,12,text/html; charset=utf-8,521.842995ms,,ecbfd149
editor,https://querybuscas.com/api/editor,,331,404,1455,18,12,text/html; charset=utf-8,521.898077ms,,ecbfd14b
edit,https://querybuscas.com/api/edit,,330,404,1453,18,12,text/html; charset=utf-8,693.201163ms,,ecbfd14a
email,https://querybuscas.com/api/email,,332,404,1454,18,12,text/html; charset=utf-8,488.374837ms,,ecbfd14c
emails,https://querybuscas.com/api/emails,,333,404,1455,18,12,text/html; charset=utf-8,872.591709ms,,ecbfd14d
enable,https://querybuscas.com/api/enable,,334,404,1455,18,12,text/html; charset=utf-8,715.573013ms,,ecbfd14e
export,https://querybuscas.com/api/export,,335,404,1455,18,12,text/html; charset=utf-8,701.848274ms,,ecbfd14f
faturas,https://querybuscas.com/api/faturas,,337,404,1456,18,12,text/html; charset=utf-8,611.464704ms,,ecbfd151
exportar,https://querybuscas.com/api/exportar,,336,404,1457,18,12,text/html; charset=utf-8,1.053457965s,,ecbfd150
feed,https://querybuscas.com/api/feed,,338,404,1453,18,12,text/html; charset=utf-8,665.483931ms,,ecbfd152
feeds,https://querybuscas.com/api/feeds,,339,404,1454,18,12,text/html; charset=utf-8,611.918276ms,,ecbfd153
files,https://querybuscas.com/api/files,,340,404,1454,18,12,text/html; charset=utf-8,506.744426ms,,ecbfd154
friend,https://querybuscas.com/api/friend,,341,404,1455,18,12,text/html; charset=utf-8,670.42522ms,,ecbfd155
friends,https://querybuscas.com/api/friends,,342,404,1456,18,12,text/html; charset=utf-8,832.077799ms,,ecbfd156
fundingsources,https://querybuscas.com/api/fundingsources,,343,404,1463,18,12,text/html; charset=utf-8,727.437184ms,,ecbfd157
gerador,https://querybuscas.com/api/gerador,,344,404,1456,18,12,text/html; charset=utf-8,754.568512ms,,ecbfd158
geradores,https://querybuscas.com/api/geradores,,345,404,1458,18,12,text/html; charset=utf-8,683.700893ms,,ecbfd159
gerar-pix,https://querybuscas.com/api/gerar-pix,,346,400,46,2,1,application/json; charset=utf-8,534.221996ms,,ecbfd15a
get,https://querybuscas.com/api/get,,347,404,1452,18,12,text/html; charset=utf-8,534.340566ms,,ecbfd15b
graphql,https://querybuscas.com/api/graphql,,348,404,1456,18,12,text/html; charset=utf-8,519.899197ms,,ecbfd15c
group,https://querybuscas.com/api/group,,349,404,1454,18,12,text/html; charset=utf-8,569.694429ms,,ecbfd15d
health,https://querybuscas.com/api/health,,350,404,1455,18,12,text/html; charset=utf-8,589.318823ms,,ecbfd15e
help,https://querybuscas.com/api/help,,351,404,1453,18,12,text/html; charset=utf-8,718.934116ms,,ecbfd15f
id,https://querybuscas.com/api/id,,352,404,1451,18,12,text/html; charset=utf-8,783.369057ms,,ecbfd160
info,https://querybuscas.com/api/info,,353,404,1453,18,12,text/html; charset=utf-8,698.570631ms,,ecbfd161
internal,https://querybuscas.com/api/internal,,355,404,1457,18,12,text/html; charset=utf-8,538.880529ms,,ecbfd163
information,https://querybuscas.com/api/information,,354,404,1460,18,12,text/html; charset=utf-8,714.574312ms,,ecbfd162
interno,https://querybuscas.com/api/interno,,356,404,1456,18,12,text/html; charset=utf-8,505.71355ms,,ecbfd164
invoice,https://querybuscas.com/api/invoice,,357,404,1456,18,12,text/html; charset=utf-8,584.076112ms,,ecbfd165
key,https://querybuscas.com/api/key,,359,404,1452,18,12,text/html; charset=utf-8,698.279138ms,,ecbfd167
ip,https://querybuscas.com/api/ip,,358,404,1451,18,12,text/html; charset=utf-8,742.580288ms,,ecbfd166
log,https://querybuscas.com/api/log,,361,404,1452,18,12,text/html; charset=utf-8,571.490856ms,,ecbfd169
keys,https://querybuscas.com/api/keys,,360,404,1453,18,12,text/html; charset=utf-8,934.311371ms,,ecbfd168
logon,https://querybuscas.com/api/logon,,363,404,1454,18,12,text/html; charset=utf-8,742.886135ms,,ecbfd16b
login,https://querybuscas.com/api/login,,362,404,1454,18,12,text/html; charset=utf-8,742.886143ms,,ecbfd16a
logs,https://querybuscas.com/api/logs,,364,404,1453,18,12,text/html; charset=utf-8,489.214762ms,,ecbfd16c
manage,https://querybuscas.com/api/manage,,366,404,1455,18,12,text/html; charset=utf-8,568.726341ms,,ecbfd16e
mail,https://querybuscas.com/api/mail,,365,404,1453,18,12,text/html; charset=utf-8,740.783797ms,,ecbfd16d
me,https://querybuscas.com/api/me,,367,404,1451,18,12,text/html; charset=utf-8,568.627734ms,,ecbfd16f
media,https://querybuscas.com/api/media,,368,404,1454,18,12,text/html; charset=utf-8,939.447765ms,,ecbfd170
messages,https://querybuscas.com/api/messages,,371,404,1457,18,12,text/html; charset=utf-8,688.669261ms,,ecbfd173
members,https://querybuscas.com/api/members,,369,404,1456,18,12,text/html; charset=utf-8,688.753831ms,,ecbfd171
metadata,https://querybuscas.com/api/metadata,,372,404,1457,18,12,text/html; charset=utf-8,718.186383ms,,ecbfd174
mensagens,https://querybuscas.com/api/mensagens,,370,404,1458,18,12,text/html; charset=utf-8,1.767325595s,,ecbfd172
metricas,https://querybuscas.com/api/metricas,,373,404,1457,18,12,text/html; charset=utf-8,718.601154ms,,ecbfd175
metrics,https://querybuscas.com/api/metrics,,374,404,1456,18,12,text/html; charset=utf-8,718.601139ms,,ecbfd176
modify,https://querybuscas.com/api/modify,,375,404,1455,18,12,text/html; charset=utf-8,527.97281ms,,ecbfd177
modules,https://querybuscas.com/api/modules,,376,404,1456,18,12,text/html; charset=utf-8,669.010441ms,,ecbfd178
new,https://querybuscas.com/api/new,,378,404,1452,18,12,text/html; charset=utf-8,544.25938ms,,ecbfd17a
modulos,https://querybuscas.com/api/modulos,,377,404,1456,18,12,text/html; charset=utf-8,699.121367ms,,ecbfd179
no,https://querybuscas.com/api/no,,379,404,1451,18,12,text/html; charset=utf-8,506.656476ms,,ecbfd17b
notes,https://querybuscas.com/api/notes,,381,404,1454,18,12,text/html; charset=utf-8,714.045693ms,,ecbfd17d
nonce,https://querybuscas.com/api/nonce,,380,404,1454,18,12,text/html; charset=utf-8,901.715955ms,,ecbfd17c
notification,https://querybuscas.com/api/notification,,383,404,1461,18,12,text/html; charset=utf-8,974.012514ms,,ecbfd17f
notifications,https://querybuscas.com/api/notifications,,384,404,1462,18,12,text/html; charset=utf-8,705.176557ms,,ecbfd180
number,https://querybuscas.com/api/number,,385,404,1455,18,12,text/html; charset=utf-8,577.910146ms,,ecbfd181
order,https://querybuscas.com/api/order,,387,404,1454,18,12,text/html; charset=utf-8,508.368494ms,,ecbfd183
organizations,https://querybuscas.com/api/organizations,,389,404,1462,18,12,text/html; charset=utf-8,659.915928ms,,ecbfd185
orders,https://querybuscas.com/api/orders,,388,404,1455,18,12,text/html; charset=utf-8,727.659855ms,,ecbfd184
pagamentos,https://querybuscas.com/api/pagamentos,,390,404,1459,18,12,text/html; charset=utf-8,683.081294ms,,ecbfd186
pages,https://querybuscas.com/api/pages,,392,404,1454,18,12,text/html; charset=utf-8,547.253863ms,,ecbfd188
page,https://querybuscas.com/api/page,,391,404,1453,18,12,text/html; charset=utf-8,742.948278ms,,ecbfd187
password,https://querybuscas.com/api/password,,393,404,1457,18,12,text/html; charset=utf-8,722.616919ms,,ecbfd189
payments,https://querybuscas.com/api/payments,,394,404,1457,18,12,text/html; charset=utf-8,745.440586ms,,ecbfd18a
pedido,https://querybuscas.com/api/pedido,,395,404,1455,18,12,text/html; charset=utf-8,633.339489ms,,ecbfd18b
pedidos,https://querybuscas.com/api/pedidos,,396,404,1456,18,12,text/html; charset=utf-8,894.815228ms,,ecbfd18c
photo,https://querybuscas.com/api/photo,,398,404,1454,18,12,text/html; charset=utf-8,564.280261ms,,ecbfd18e
perfil,https://querybuscas.com/api/perfil,,397,404,1455,18,12,text/html; charset=utf-8,696.350984ms,,ecbfd18d
photos,https://querybuscas.com/api/photos,,399,404,1455,18,12,text/html; charset=utf-8,825.396931ms,,ecbfd18f
ping,https://querybuscas.com/api/ping,,400,404,1453,18,12,text/html; charset=utf-8,680.430098ms,,ecbfd190
pix,https://querybuscas.com/api/pix,,401,404,1452,18,12,text/html; charset=utf-8,666.940647ms,,ecbfd191
plan,https://querybuscas.com/api/plan,,402,404,1453,18,12,text/html; charset=utf-8,562.9086ms,,ecbfd192
planos,https://querybuscas.com/api/planos,,403,404,1455,18,12,text/html; charset=utf-8,501.968227ms,,ecbfd193
planos/list,https://querybuscas.com/api/planos/list,,404,404,1460,18,12,text/html; charset=utf-8,569.761234ms,,ecbfd194
preview,https://querybuscas.com/api/preview,,405,404,1456,18,12,text/html; charset=utf-8,633.520189ms,,ecbfd195
private,https://querybuscas.com/api/private,,406,404,1456,18,12,text/html; charset=utf-8,686.697849ms,,ecbfd196
profile,https://querybuscas.com/api/profile,,407,404,1456,18,12,text/html; charset=utf-8,754.746392ms,,ecbfd197
public,https://querybuscas.com/api/public,,408,404,1455,18,12,text/html; charset=utf-8,741.818138ms,,ecbfd198
query,https://querybuscas.com/api/query,,410,404,1454,18,12,text/html; charset=utf-8,742.352779ms,,ecbfd19a
purchase,https://querybuscas.com/api/purchase,,409,404,1457,18,12,text/html; charset=utf-8,823.515679ms,,ecbfd199
questions,https://querybuscas.com/api/questions,,411,404,1458,18,12,text/html; charset=utf-8,492.05965ms,,ecbfd19b
register,https://querybuscas.com/api/register,,414,404,1457,18,12,text/html; charset=utf-8,568.223877ms,,ecbfd19e
record,https://querybuscas.com/api/record,,412,404,1455,18,12,text/html; charset=utf-8,911.245136ms,,ecbfd19c
records,https://querybuscas.com/api/records,,413,404,1456,18,12,text/html; charset=utf-8,739.44522ms,,ecbfd19d
relatorios,https://querybuscas.com/api/relatorios,,415,404,1459,18,12,text/html; charset=utf-8,831.02291ms,,ecbfd19f
remove,https://querybuscas.com/api/remove,,416,404,1455,18,12,text/html; charset=utf-8,681.959495ms,,ecbfd1a0
report,https://querybuscas.com/api/report,,417,404,1455,18,12,text/html; charset=utf-8,532.16086ms,,ecbfd1a1
reports,https://querybuscas.com/api/reports,,418,404,1456,18,12,text/html; charset=utf-8,584.084533ms,,ecbfd1a2
reset,https://querybuscas.com/api/reset,,419,404,1454,18,12,text/html; charset=utf-8,485.84188ms,,ecbfd1a3
result,https://querybuscas.com/api/result,,420,404,1455,18,12,text/html; charset=utf-8,577.96616ms,,ecbfd1a4
results,https://querybuscas.com/api/results,,421,404,1456,18,12,text/html; charset=utf-8,586.667133ms,,ecbfd1a5
retrieve,https://querybuscas.com/api/retrieve,,422,404,1457,18,12,text/html; charset=utf-8,676.573973ms,,ecbfd1a6
return,https://querybuscas.com/api/return,,423,404,1455,18,12,text/html; charset=utf-8,755.226505ms,,ecbfd1a7
review,https://querybuscas.com/api/review,,424,404,1455,18,12,text/html; charset=utf-8,729.361317ms,,ecbfd1a8
saldo,https://querybuscas.com/api/saldo,,425,404,1454,18,12,text/html; charset=utf-8,706.850816ms,,ecbfd1a9
search,https://querybuscas.com/api/search,,426,404,1455,18,12,text/html; charset=utf-8,736.253309ms,,ecbfd1aa
send,https://querybuscas.com/api/send,,427,404,1453,18,12,text/html; charset=utf-8,517.121344ms,,ecbfd1ab
server,https://querybuscas.com/api/server,,428,404,1455,18,12,text/html; charset=utf-8,744.15473ms,,ecbfd1ac
session,https://querybuscas.com/api/session,,429,404,1456,18,12,text/html; charset=utf-8,737.816879ms,,ecbfd1ad
sessions,https://querybuscas.com/api/sessions,,430,404,1457,18,12,text/html; charset=utf-8,737.277732ms,,ecbfd1ae
set,https://querybuscas.com/api/set,,431,404,1452,18,12,text/html; charset=utf-8,940.230164ms,,ecbfd1af
settings/config,https://querybuscas.com/api/settings/config,,433,404,1464,18,12,text/html; charset=utf-8,548.497538ms,,ecbfd1b1
settings,https://querybuscas.com/api/settings,,432,404,1457,18,12,text/html; charset=utf-8,707.614163ms,,ecbfd1b0
shell,https://querybuscas.com/api/shell,,434,404,1454,18,12,text/html; charset=utf-8,547.928299ms,,ecbfd1b2
sign,https://querybuscas.com/api/sign,,436,404,1453,18,12,text/html; charset=utf-8,742.699661ms,,ecbfd1b4
sign-in,https://querybuscas.com/api/sign-in,,437,404,1456,18,12,text/html; charset=utf-8,617.943252ms,,ecbfd1b5
signin,https://querybuscas.com/api/signin,,438,404,1455,18,12,text/html; charset=utf-8,742.724681ms,,ecbfd1b6
src,https://querybuscas.com/api/src,,439,404,1452,18,12,text/html; charset=utf-8,722.277473ms,,ecbfd1b7
stat,https://querybuscas.com/api/stat,,440,404,1453,18,12,text/html; charset=utf-8,699.848182ms,,ecbfd1b8
stats,https://querybuscas.com/api/stats,,442,404,1454,18,12,text/html; charset=utf-8,734.52733ms,,ecbfd1ba
status,https://querybuscas.com/api/status,,443,404,1455,18,12,text/html; charset=utf-8,612.18031ms,,ecbfd1bb
suporte,https://querybuscas.com/api/suporte,,445,404,1456,18,12,text/html; charset=utf-8,690.828394ms,,ecbfd1bd
summary,https://querybuscas.com/api/summary,,444,404,1456,18,12,text/html; charset=utf-8,754.817815ms,,ecbfd1bc
support,https://querybuscas.com/api/support,,446,404,1456,18,12,text/html; charset=utf-8,599.835125ms,,ecbfd1be
supporttickets,https://querybuscas.com/api/supporttickets,,447,404,1463,18,12,text/html; charset=utf-8,680.674476ms,,ecbfd1bf
swagger-resources,https://querybuscas.com/api/swagger-resources,,448,404,1466,18,12,text/html; charset=utf-8,551.539629ms,,ecbfd1c0
swagger.json,https://querybuscas.com/api/swagger.json,,449,404,1461,18,12,text/html; charset=utf-8,696.055304ms,,ecbfd1c1
swagger/,https://querybuscas.com/api/swagger/,,450,404,1457,18,12,text/html; charset=utf-8,1.727322934s,,ecbfd1c2
swagger/v1/swagger.json,https://querybuscas.com/api/swagger/v1/swagger.json,,451,404,1472,18,12,text/html; charset=utf-8,717.999138ms,,ecbfd1c3
targets,https://querybuscas.com/api/targets,,452,404,1456,18,12,text/html; charset=utf-8,710.074294ms,,ecbfd1c4
telegram,https://querybuscas.com/api/telegram,,453,404,1457,18,12,text/html; charset=utf-8,718.860059ms,,ecbfd1c5
tickets,https://querybuscas.com/api/tickets,,455,404,1456,18,12,text/html; charset=utf-8,515.394251ms,,ecbfd1c7
telegram/data,https://querybuscas.com/api/telegram/data,,454,404,1462,18,12,text/html; charset=utf-8,686.613568ms,,ecbfd1c6
tokens,https://querybuscas.com/api/tokens,,457,404,1455,18,12,text/html; charset=utf-8,557.231752ms,,ecbfd1c9
token,https://querybuscas.com/api/token,,456,404,1454,18,12,text/html; charset=utf-8,838.364343ms,,ecbfd1c8
update,https://querybuscas.com/api/update,,458,404,1455,18,12,text/html; charset=utf-8,539.248803ms,,ecbfd1ca
upload,https://querybuscas.com/api/upload,,459,404,1455,18,12,text/html; charset=utf-8,713.406735ms,,ecbfd1cb
usage,https://querybuscas.com/api/usage,,461,404,1454,18,12,text/html; charset=utf-8,713.084866ms,,ecbfd1cd
uploads,https://querybuscas.com/api/uploads,,460,404,1456,18,12,text/html; charset=utf-8,841.604451ms,,ecbfd1cc
user,https://querybuscas.com/api/user,,462,404,1453,18,12,text/html; charset=utf-8,922.342677ms,,ecbfd1ce
userinfo,https://querybuscas.com/api/userinfo,,463,404,1457,18,12,text/html; charset=utf-8,708.863599ms,,ecbfd1cf
users,https://querybuscas.com/api/users,,465,404,1454,18,12,text/html; charset=utf-8,541.531658ms,,ecbfd1d1
userip,https://querybuscas.com/api/userip,,464,404,1455,18,12,text/html; charset=utf-8,577.325518ms,,ecbfd1d0
usuarios,https://querybuscas.com/api/usuarios,,466,404,1457,18,12,text/html; charset=utf-8,537.08013ms,,ecbfd1d2
v1,https://querybuscas.com/api/v1,,468,404,1451,18,12,text/html; charset=utf-8,600.314909ms,,ecbfd1d4
v0,https://querybuscas.com/api/v0,,467,404,1451,18,12,text/html; charset=utf-8,774.892062ms,,ecbfd1d3
v1/,https://querybuscas.com/api/v1/,,469,404,1452,18,12,text/html; charset=utf-8,735.472561ms,,ecbfd1d5
v1/actors,https://querybuscas.com/api/v1/actors,,471,404,1458,18,12,text/html; charset=utf-8,527.320248ms,,ecbfd1d7
v1/activityLogs,https://querybuscas.com/api/v1/activityLogs,,470,404,1464,18,12,text/html; charset=utf-8,897.21908ms,,ecbfd1d6
v1/applications,https://querybuscas.com/api/v1/applications,,473,404,1464,18,12,text/html; charset=utf-8,610.064337ms,,ecbfd1d9
v1/ads,https://querybuscas.com/api/v1/ads,,472,404,1455,18,12,text/html; charset=utf-8,698.645796ms,,ecbfd1d8
v1/billing,https://querybuscas.com/api/v1/billing,,474,404,1459,18,12,text/html; charset=utf-8,541.990803ms,,ecbfd1da
v1/button,https://querybuscas.com/api/v1/button,,475,404,1458,18,12,text/html; charset=utf-8,712.478207ms,,ecbfd1db
v1/data,https://querybuscas.com/api/v1/data,,477,404,1456,18,12,text/html; charset=utf-8,552.74162ms,,ecbfd1dd
v1/cookiesync,https://querybuscas.com/api/v1/cookiesync,,476,404,1462,18,12,text/html; charset=utf-8,800.370075ms,,ecbfd1dc
v1/event/permission,https://querybuscas.com/api/v1/event/permission,,479,404,1468,18,12,text/html; charset=utf-8,578.669444ms,,ecbfd1df
v1/event,https://querybuscas.com/api/v1/event,,478,404,1457,18,12,text/html; charset=utf-8,1.021160136s,,ecbfd1de
v1/events,https://querybuscas.com/api/v1/events,,480,404,1458,18,12,text/html; charset=utf-8,539.316975ms,,ecbfd1e0
v1/geoip,https://querybuscas.com/api/v1/geoip,,481,404,1457,18,12,text/html; charset=utf-8,578.975621ms,,ecbfd1e1
v1/graphql,https://querybuscas.com/api/v1/graphql,,482,404,1459,18,12,text/html; charset=utf-8,548.953818ms,,ecbfd1e2
v1/i,https://querybuscas.com/api/v1/i,,483,404,1453,18,12,text/html; charset=utf-8,621.949249ms,,ecbfd1e3
v1/impress,https://querybuscas.com/api/v1/impress,,485,404,1459,18,12,text/html; charset=utf-8,556.939363ms,,ecbfd1e5
v1/identify,https://querybuscas.com/api/v1/identify,,484,404,1460,18,12,text/html; charset=utf-8,762.990956ms,,ecbfd1e4
v1/init,https://querybuscas.com/api/v1/init,,486,404,1456,18,12,text/html; charset=utf-8,712.290662ms,,ecbfd1e6
v1/integrations,https://querybuscas.com/api/v1/integrations,,487,404,1464,18,12,text/html; charset=utf-8,585.955805ms,,ecbfd1e7
v1/metric,https://querybuscas.com/api/v1/metric,,488,404,1458,18,12,text/html; charset=utf-8,704.619405ms,,ecbfd1e8
v1/metrics,https://querybuscas.com/api/v1/metrics,,489,404,1459,18,12,text/html; charset=utf-8,708.52274ms,,ecbfd1e9
v1/open,https://querybuscas.com/api/v1/open,,490,404,1456,18,12,text/html; charset=utf-8,677.735974ms,,ecbfd1ea
v1/p,https://querybuscas.com/api/v1/p,,491,404,1453,18,12,text/html; charset=utf-8,799.99742ms,,ecbfd1eb
v1/produce,https://querybuscas.com/api/v1/produce,,493,404,1459,18,12,text/html; charset=utf-8,1.052222811s,,ecbfd1ed
v1/pageview,https://querybuscas.com/api/v1/pageview,,492,404,1460,18,12,text/html; charset=utf-8,1.336343477s,,ecbfd1ec
v1/profile,https://querybuscas.com/api/v1/profile,,494,404,1459,18,12,text/html; charset=utf-8,558.979643ms,,ecbfd1ee
v1/recentviews,https://querybuscas.com/api/v1/recentviews,,496,404,1463,18,12,text/html; charset=utf-8,548.518797ms,,ecbfd1f0
v1/quote,https://querybuscas.com/api/v1/quote,,495,404,1457,18,12,text/html; charset=utf-8,1.226029399s,,ecbfd1ef
v1/redirect,https://querybuscas.com/api/v1/redirect,,497,404,1460,18,12,text/html; charset=utf-8,548.968126ms,,ecbfd1f1
v1/self,https://querybuscas.com/api/v1/self,,499,404,1456,18,12,text/html; charset=utf-8,555.754849ms,,ecbfd1f3
v1/resources,https://querybuscas.com/api/v1/resources,,498,404,1461,18,12,text/html; charset=utf-8,1.433680552s,,ecbfd1f2
v1/sync,https://querybuscas.com/api/v1/sync,,501,404,1456,18,12,text/html; charset=utf-8,569.40658ms,,ecbfd1f5
v1/storefront,https://querybuscas.com/api/v1/storefront,,500,404,1462,18,12,text/html; charset=utf-8,766.659471ms,,ecbfd1f4
v1/t,https://querybuscas.com/api/v1/t,,502,404,1453,18,12,text/html; charset=utf-8,525.113514ms,,ecbfd1f6
v1/url,https://querybuscas.com/api/v1/url,,503,404,1455,18,12,text/html; charset=utf-8,533.391195ms,,ecbfd1f7
v1/users/1,https://querybuscas.com/api/v1/users/1,,504,404,1459,18,12,text/html; charset=utf-8,690.331842ms,,ecbfd1f8
v1/usersync,https://querybuscas.com/api/v1/usersync,,505,404,1460,18,12,text/html; charset=utf-8,704.128023ms,,ecbfd1f9
v1/widgets,https://querybuscas.com/api/v1/widgets,,506,404,1459,18,12,text/html; charset=utf-8,678.062344ms,,ecbfd1fa
v1/xhr,https://querybuscas.com/api/v1/xhr,,507,404,1455,18,12,text/html; charset=utf-8,669.903077ms,,ecbfd1fb
v2,https://querybuscas.com/api/v2,,509,404,1451,18,12,text/html; charset=utf-8,1.112976127s,,ecbfd1fd
v2/,https://querybuscas.com/api/v2/,,510,404,1452,18,12,text/html; charset=utf-8,627.741132ms,,ecbfd1fe
v2/auction/,https://querybuscas.com/api/v2/auction/,,511,404,1460,18,12,text/html; charset=utf-8,1.341532214s,,ecbfd1ff
v2/client,https://querybuscas.com/api/v2/client,,512,404,1458,18,12,text/html; charset=utf-8,555.568126ms,,ecbfd200
v2/collect,https://querybuscas.com/api/v2/collect,,513,404,1459,18,12,text/html; charset=utf-8,727.3667ms,,ecbfd201
v2/event,https://querybuscas.com/api/v2/event,,514,404,1457,18,12,text/html; charset=utf-8,1.386222166s,,ecbfd202
v2/exchange/callback/adx,https://querybuscas.com/api/v2/exchange/callback/adx,,516,404,1473,18,12,text/html; charset=utf-8,541.143149ms,,ecbfd204
v2/events,https://querybuscas.com/api/v2/events,,515,404,1458,18,12,text/html; charset=utf-8,672.54732ms,,ecbfd203
v2/exchange/callback/pub,https://querybuscas.com/api/v2/exchange/callback/pub,,517,404,1473,18,12,text/html; charset=utf-8,1.519037588s,,ecbfd205
v2/iframe,https://querybuscas.com/api/v2/iframe,,518,404,1458,18,12,text/html; charset=utf-8,729.423458ms,,ecbfd206
v2/log/message,https://querybuscas.com/api/v2/log/message,,520,404,1463,18,12,text/html; charset=utf-8,688.388708ms,,ecbfd208
v2/logger.json,https://querybuscas.com/api/v2/logger.json,,521,404,1463,18,12,text/html; charset=utf-8,499.934888ms,,ecbfd209
v2/me,https://querybuscas.com/api/v2/me,,522,404,1454,18,12,text/html; charset=utf-8,698.593098ms,,ecbfd20a
v2/optimize,https://querybuscas.com/api/v2/optimize,,523,404,1460,18,12,text/html; charset=utf-8,618.345583ms,,ecbfd20b
v2/pageload,https://querybuscas.com/api/v2/pageload,,524,404,1460,18,12,text/html; charset=utf-8,739.943551ms,,ecbfd20c
v2/prebid,https://querybuscas.com/api/v2/prebid,,526,404,1458,18,12,text/html; charset=utf-8,675.63427ms,,ecbfd20e
v2/pub,https://querybuscas.com/api/v2/pub,,527,404,1455,18,12,text/html; charset=utf-8,647.489434ms,,ecbfd20f
v2/script,https://querybuscas.com/api/v2/script,,528,404,1458,18,12,text/html; charset=utf-8,530.246096ms,,ecbfd210
v2/paymentform,https://querybuscas.com/api/v2/paymentform,,525,404,1463,18,12,text/html; charset=utf-8,1.06006861s,,ecbfd20d
v2/search,https://querybuscas.com/api/v2/search,,529,404,1458,18,12,text/html; charset=utf-8,509.429917ms,,ecbfd211
v2/share/stats,https://querybuscas.com/api/v2/share/stats,,530,404,1463,18,12,text/html; charset=utf-8,658.894724ms,,ecbfd212
v2/sync/control,https://querybuscas.com/api/v2/sync/control,,531,404,1464,18,12,text/html; charset=utf-8,661.387867ms,,ecbfd213
v2/track,https://querybuscas.com/api/v2/track,,532,404,1457,18,12,text/html; charset=utf-8,680.65067ms,,ecbfd214
v2/undefined,https://querybuscas.com/api/v2/undefined,,534,404,1461,18,12,text/html; charset=utf-8,531.643938ms,,ecbfd216
v2/tracker,https://querybuscas.com/api/v2/tracker,,533,404,1459,18,12,text/html; charset=utf-8,873.02487ms,,ecbfd215
v2/vendor-list.json,https://querybuscas.com/api/v2/vendor-list.json,,535,404,1468,18,12,text/html; charset=utf-8,694.862121ms,,ecbfd217
v4,https://querybuscas.com/api/v4,,538,404,1451,18,12,text/html; charset=utf-8,535.897662ms,,ecbfd21a
v2/visitors/post,https://querybuscas.com/api/v2/visitors/post,,536,404,1465,18,12,text/html; charset=utf-8,1.594990156s,,ecbfd218
v3,https://querybuscas.com/api/v3,,537,404,1451,18,12,text/html; charset=utf-8,877.361946ms,,ecbfd219
v5,https://querybuscas.com/api/v5,,539,404,1451,18,12,text/html; charset=utf-8,707.272192ms,,ecbfd21b
v6,https://querybuscas.com/api/v6,,540,404,1451,18,12,text/html; charset=utf-8,514.231319ms,,ecbfd21c
v7,https://querybuscas.com/api/v7,,541,404,1451,18,12,text/html; charset=utf-8,671.496048ms,,ecbfd21d
v9,https://querybuscas.com/api/v9,,543,404,1451,18,12,text/html; charset=utf-8,553.478821ms,,ecbfd21f
v8,https://querybuscas.com/api/v8,,542,404,1451,18,12,text/html; charset=utf-8,698.347744ms,,ecbfd21e
verificar-humano,https://querybuscas.com/api/verificar-humano,,545,404,1465,18,12,text/html; charset=utf-8,708.167881ms,,ecbfd221
validate,https://querybuscas.com/api/validate,,544,404,1457,18,12,text/html; charset=utf-8,920.991715ms,,ecbfd220
verify,https://querybuscas.com/api/verify,,546,404,1455,18,12,text/html; charset=utf-8,853.735021ms,,ecbfd222
version,https://querybuscas.com/api/version,,547,404,1456,18,12,text/html; charset=utf-8,708.914186ms,,ecbfd223
view,https://querybuscas.com/api/view,,548,404,1453,18,12,text/html; charset=utf-8,520.17767ms,,ecbfd224
vulnerabilities,https://querybuscas.com/api/vulnerabilities,,549,404,1464,18,12,text/html; charset=utf-8,688.535417ms,,ecbfd225
webhooks,https://querybuscas.com/api/webhooks,,551,404,1457,18,12,text/html; charset=utf-8,567.662244ms,,ecbfd227
webhook,https://querybuscas.com/api/webhook,,550,404,1456,18,12,text/html; charset=utf-8,716.158382ms,,ecbfd226
widget,https://querybuscas.com/api/widget,,552,404,1455,18,12,text/html; charset=utf-8,911.159064ms,,ecbfd228
